X,Y,Z,Log_X,Sqrt_Y,Square_Z,Exp_X,Sum_XY
13,30,8,2.5649493574615367,5.477225575051661,64,442413.3920089205,43
5,31,40,1.6094379124341005,5.5677643628300215,1600,148.4131591025766,36
10,11,31,2.302585092994046,3.3166247903554,961,22026.46579480672,21
17,43,16,2.833213344056216,6.557438524302,256,24154952.7535753,60
20,28,42,2.995732273553991,5.291502622129181,1764,485165195.4097903,48
